2026-03-31_17-50-27,0,draft.go:2026-03-31_17-50-27
2026-03-31_18-07-30,0,draft.go:2026-03-31_18-07-30
2026-03-31_18-07-35,---,draft.go:2026-03-31_18-07-30
2026-03-31_18-09-21,0,draft.go:2026-03-31_18-09-21
2026-03-31_18-10-33,0,draft.go:2026-03-31_18-10-33
2026-03-31_18-10-51,22,draft.go:2026-03-31_18-10-51
2026-03-31_18-11-02,0,draft.go:2026-03-31_18-11-02
2026-03-31_18-15-08,0,draft.go:2026-03-31_18-15-08
2026-04-07_16-44-27,0,draft.go:2026-03-31_18-15-08
2026-04-07_16-44-29,---,draft.go:2026-03-31_18-15-08
2026-04-07_16-46-33,0,draft.go:2026-03-31_18-15-08
2026-04-07_16-50-52,0,draft.go:2026-03-31_18-15-08
2026-04-07_16-51-12,0,draft.go:2026-04-07_16-51-12
2026-04-07_16-51-20,22,draft.go:2026-04-07_16-51-20
2026-04-07_16-51-38,22,draft.go:2026-04-07_16-51-38
2026-04-07_16-55-45,0,draft.go:2026-04-07_16-55-45
2026-04-07_16-55-57,22,draft.go:2026-04-07_16-55-57
2026-04-07_16-56-17,33,draft.go:2026-04-07_16-56-17
2026-04-07_16-56-31,44,draft.go:2026-04-07_16-56-31
2026-04-07_16-56-43,44,draft.go:2026-04-07_16-56-43
2026-04-07_16-56-51,44,draft.go:2026-04-07_16-56-51
2026-04-07_16-57-10,44,draft.go:2026-04-07_16-57-10
2026-04-07_16-57-21,55,draft.go:2026-04-07_16-57-21
2026-04-07_16-58-26,55,draft.go:2026-04-07_16-58-26
2026-04-07_16-59-10,0,draft.go:2026-04-07_16-59-10
2026-04-07_16-59-20,0,draft.go:2026-04-07_16-59-20
2026-04-07_17-00-20,0,draft.go:2026-04-07_17-00-20
2026-04-07_17-00-28,0,draft.go:2026-04-07_17-00-28
2026-04-07_17-03-55,66,draft.go:2026-04-07_17-03-55
2026-04-07_17-05-26,0,draft.go:2026-04-07_17-05-26
2026-04-07_17-05-37,66,draft.go:2026-04-07_17-05-37
2026-04-07_17-07-05,0,draft.go:2026-04-07_17-07-05
2026-04-07_17-07-16,22,draft.go:2026-04-07_17-07-16
2026-04-07_17-07-46,22,draft.go:2026-04-07_17-07-16
2026-04-07_17-08-36,22,draft.go:2026-04-07_17-08-36
2026-04-07_17-13-22,0,draft.go:2026-04-07_17-13-22
2026-04-07_17-13-30,0,draft.go:2026-04-07_17-13-30
2026-04-07_17-13-36,0,draft.go:2026-04-07_17-13-36
2026-04-07_17-13-52,22,draft.go:2026-04-07_17-13-52
2026-04-07_17-14-56,22,draft.go:2026-04-07_17-14-56
2026-04-07_17-15-15,22,draft.go:2026-04-07_17-15-15
2026-04-07_17-19-12,0,draft.go:2026-04-07_17-19-12
2026-04-07_17-19-40,100,draft.go:2026-04-07_17-19-40
2026-04-08_12-47-27,100,draft.go:2026-04-07_17-19-40
2026-04-13_16-42-57,100,draft.go:2026-04-07_17-19-40
