2026-05-04_17-37-45,0,draft.go:2026-05-04_17-37-45
2026-05-04_17-49-45,0,draft.go:2026-05-04_17-49-45
2026-05-04_17-50-25,0,draft.go:2026-05-04_17-50-25
2026-05-04_17-53-24,0,draft.go:2026-05-04_17-53-24
2026-05-04_17-54-25,0,draft.go:2026-05-04_17-54-25
2026-05-04_17-56-13,0,draft.go:2026-05-04_17-56-13
2026-05-04_17-56-18,0,draft.go:2026-05-04_17-56-13
2026-05-04_17-56-19,---,draft.go:2026-05-04_17-56-13
2026-05-04_18-01-05,0,draft.go:2026-05-04_17-56-13
2026-05-04_18-01-19,0,draft.go:2026-05-04_17-56-13
2026-05-04_18-02-03,33,draft.go:2026-05-04_18-02-03
2026-05-04_18-03-12,33,draft.go:2026-05-04_18-03-12
2026-05-04_18-09-43,33,draft.go:2026-05-04_18-03-12
2026-05-04_18-10-49,0,draft.go:2026-05-04_18-10-49
2026-05-04_18-11-34,0,draft.go:2026-05-04_18-11-34
2026-05-04_18-11-58,0,draft.go:2026-05-04_18-11-58
2026-05-04_18-12-07,---,draft.go:2026-05-04_18-11-58
2026-05-04_18-13-32,---,draft.go:2026-05-04_18-13-32
2026-05-04_18-13-40,0,draft.go:2026-05-04_18-13-40
2026-05-04_18-14-00,0,draft.go:2026-05-04_18-14-00
2026-05-05_17-14-47,0,draft.go:2026-05-04_18-14-00
2026-05-05_17-20-43,0,draft.go:2026-05-05_17-20-43
2026-05-05_17-21-56,100,draft.go:2026-05-05_17-21-56
